Username,Problems_Solved,World_Rank,Solved_Classical_Count,Solved_Challenge_Count,Solved_Tutorial_Count,Solved_Partial_Count,Solved_Other_Count,Language,Level,Cluster
a23r11a6710,8,66593.0,10,0,0,0,0,1,beginner,1
a93951230,0,127638.0,1,0,0,0,0,1,beginner,0
a_pendov,14,32587.0,15,0,0,0,0,1,beginner,1
a_simple_soul,1,127638.0,1,0,0,0,0,1,beginner,0
aa_761028,5,55832.0,7,0,0,0,0,1,beginner,1
aagupta5325,8,84358.0,9,0,0,0,0,1,beginner,0
abanoubsamy_1,8,66593.0,9,0,0,0,0,1,beginner,1
abdel3al,2,127639.0,2,0,0,0,0,1,beginner,0
abdogad,3,17990.0,7,0,0,0,0,1,beginner,1
abdulazizhany,12,43315.0,12,0,0,0,0,1,beginner,1
abhay5055,8,66593.0,8,0,0,0,0,1,beginner,1
abhishek529,8,127639.0,10,0,0,0,0,1,beginner,0
abnelsayed,1,127639.0,2,0,0,0,0,2,beginner,0
abo_wahbaz,52,13267.0,58,0,0,0,0,1,intermediate,1
abrar0786,250,6484.0,336,0,0,0,0,4,advanced,1
ac_automation,59,2577.0,63,0,0,0,0,1,intermediate,1
achyuta22,1,127639.0,1,0,0,0,0,1,beginner,0
ackinglj,846,17.0,1072,0,0,0,0,3,advanced,2
acssen,50,8085.0,57,0,0,0,0,1,intermediate,1
ad_34567,21,5527.0,37,0,0,0,0,2,intermediate,1
adarshauz67ek,283,2326.0,336,0,0,0,0,1,advanced,1
adelhefny,28,20760.0,29,0,0,0,0,1,beginner,1
adham_101,10,48649.0,11,0,0,0,0,1,beginner,1
adibsyam,1,29982.0,2,0,0,0,0,2,beginner,1
admin123123,2,127639.0,2,0,0,0,0,2,beginner,0
adsingh123,7,48649.0,8,0,0,0,0,1,beginner,1
ahmed88,13,55832.0,15,0,0,0,0,1,beginner,1
ahmed_bahy,44,14174.0,48,0,0,0,0,1,beginner,1
ahmed_sakib123,7,127639.0,9,0,0,0,0,2,beginner,0
ahnaf_063,3,127639.0,21,0,0,0,0,1,beginner,0
aigeniusg0ukr,95,305.0,465,0,0,0,0,1,advanced,1
ainetbmmtf5c7,98,306.0,480,0,0,0,0,1,advanced,1
aishwarya2712,2,127639.0,3,0,0,0,0,1,beginner,0
akash251224,1,127639.0,1,0,0,0,0,1,beginner,0
akkisinghvi28,3,84358.0,3,0,0,0,0,1,beginner,0
akosh,1,127639.0,7,0,0,0,0,1,beginner,0
aksharak1,0,127639.0,1,0,0,0,0,1,beginner,0
akshay_513,20,66593.0,59,0,0,0,0,1,beginner,1
akshaya9806,11,127639.0,24,0,0,0,0,1,beginner,0
akshaya_r,10,55832.0,15,0,0,0,0,1,beginner,1
akshayshil_19,35,27845.0,40,0,0,0,0,1,beginner,1
akshitha_69,4,127639.0,10,0,0,0,0,1,beginner,0
akshitha_b6,1,127639.0,2,0,0,0,0,1,beginner,0
akuba,3,84358.0,3,0,0,0,0,1,beginner,0
ale_shio31547,35,14728.0,35,0,0,0,0,1,beginner,1
alexsense1,8,21865.0,8,0,0,0,0,1,beginner,1
alman,2,43315.0,8,0,0,0,0,1,beginner,1
alvin0603,0,127639.0,1,0,0,0,0,1,beginner,0
ammahmed004,25,12854.0,31,0,0,0,0,1,beginner,1
amreenshaik01,16,84358.0,30,0,0,0,0,1,beginner,0
anastasiskolio,5,55832.0,5,0,0,0,0,1,beginner,1
anish5656,6,127639.0,7,0,0,0,0,1,beginner,0
anjith_5,53,43315.0,83,0,0,0,0,2,intermediate,1
ansh8226,6,43315.0,6,0,0,0,0,1,beginner,1
anubhav448,60,6484.0,67,0,0,0,0,1,intermediate,1
apierri,16,35453.0,17,0,0,0,0,1,beginner,1
apoorv_1345,6,84359.0,6,0,0,0,0,1,beginner,0
aquele_b0t,62,7593.0,67,0,0,0,0,1,intermediate,1
aravind2202,2,84359.0,2,0,0,0,0,1,beginner,0
aravind6301,4,127640.0,6,0,0,0,0,2,beginner,0
archiv9prince,2,127640.0,2,0,0,0,0,2,beginner,0
arifa_iffat,100,4961.0,132,0,0,0,0,1,intermediate,1
arin_v_r,1,127640.0,1,0,0,0,0,1,beginner,0
arkarphyo1431,1,127640.0,10,0,0,0,0,1,beginner,0
arman_singh_,13,55833.0,16,0,0,0,0,1,beginner,1
arpit_dwivedi,5,84359.0,9,0,0,0,0,2,beginner,0
arrakis,1222,23.0,1253,0,0,0,0,1,advanced,2
arturrodrigues,1,127640.0,1,0,0,0,0,1,beginner,0
asfghjkjhh_13,1,55833.0,1,0,0,0,0,1,beginner,1
ashraful_toni,100,2068.0,114,0,0,0,0,2,intermediate,1
ashsihs41,0,127640.0,1,0,0,0,0,5,beginner,0
ashwaniv,88,12087.0,91,0,0,0,0,1,intermediate,1
asi098,31,7593.0,33,0,0,0,0,1,intermediate,1
asingh03,2,127640.0,2,0,0,0,0,3,beginner,0
askl1007,9,14174.0,14,0,0,0,0,1,beginner,1
asvaannn,0,127640.0,1,0,0,0,0,1,beginner,0
aswitha24,7,127640.0,11,0,0,0,0,1,beginner,0
axuuuu,17,3044.0,26,0,0,0,0,5,intermediate,1
ayhamzaidd,4,48650.0,4,0,0,0,0,1,beginner,1
ayman_zakaria,1,127640.0,1,0,0,0,0,3,beginner,0
ayushsharma01_,0,127640.0,1,0,0,0,0,1,beginner,0
azesx,301,320.0,301,0,0,0,0,1,advanced,1
b_navya,4,127640.0,6,0,0,0,0,1,beginner,0
bahula_29,11,84359.0,13,0,0,0,0,1,beginner,0
banothramesh,6,127640.0,9,0,0,0,0,1,beginner,0
baraa_sh02,1,127640.0,1,0,0,0,0,2,beginner,0
bbbymz,1,66594.0,1,0,0,0,0,1,beginner,1
bbi5291,781,65.0,790,0,0,0,0,5,advanced,2
beacon_04125,17,23106.0,17,0,0,0,0,2,beginner,1
belal_hendi28,20,27846.0,21,0,0,0,0,1,beginner,1
benazir_10,29,17990.0,66,0,0,0,0,1,beginner,1
benjamin_jin,11,17250.0,11,0,0,0,0,1,beginner,1
benzzzzz,18,43315.0,18,0,0,0,0,2,beginner,1
bestmonkey,3,27846.0,4,0,0,0,0,1,beginner,1
beyond_god,0,127640.0,1,0,0,0,0,2,beginner,0
bha_rathy_12,2,84359.0,5,0,0,0,0,2,beginner,0
bhanuvedith,0,127640.0,1,0,0,0,0,1,beginner,0
bhavish05,11,55833.0,15,0,0,0,0,1,beginner,1
bhbjzyh,65,2673.0,68,0,0,0,0,1,intermediate,1
biberdolik,7,15296.0,9,0,0,0,0,1,beginner,1
binario,27,15906.0,28,0,0,0,0,1,beginner,1
biryani70,14,43315.0,15,0,0,0,0,1,beginner,1
bishoy_effat30,1,127640.0,2,0,0,0,0,2,beginner,0
bkushal06,4,127640.0,5,0,0,0,0,1,beginner,0
black_third,24,7432.0,50,0,0,0,0,1,intermediate,1
blazinglyfast,1,127640.0,2,0,0,0,0,2,beginner,0
blueqwq,4,66594.0,6,0,0,0,0,1,beginner,1
bodlavaishnavi,8,127640.0,9,0,0,0,0,1,beginner,0
bombaclatic,30,2905.0,54,0,0,0,0,1,intermediate,1
borbollete,2,84359.0,3,0,0,0,0,1,beginner,0
bossixd,2,127640.0,2,0,0,0,0,1,beginner,0
botwizardr5u,79,446.0,468,0,0,0,0,1,advanced,1
boyofkutbilim,8,20761.0,12,0,0,0,0,1,beginner,1
bruh555,18,20761.0,27,0,0,0,0,1,beginner,1
bsurajpatra,5,127640.0,5,0,0,0,0,1,beginner,0
buibui84,140,559.0,178,0,0,0,0,1,advanced,1
bulluson,58,7029.0,65,0,0,0,0,1,intermediate,1
c20251760,12,43315.0,12,0,0,0,0,1,beginner,1
call_me_rizz,7,84359.0,9,0,0,0,0,1,beginner,0
caolam_bkno1,2,127640.0,3,0,0,0,0,1,beginner,0
catb0y,8,26112.0,9,0,0,0,0,2,beginner,1
cbdsopa,13,18827.0,14,0,0,0,0,1,beginner,1
cbw,61,5104.0,65,0,0,0,0,1,intermediate,1
cccsar,32,19794.0,42,0,0,0,0,1,beginner,1
cele2025,1,127640.0,1,0,0,0,0,1,beginner,0
celia_ygxz,70,551.0,177,0,0,0,0,1,advanced,1
cf_7,1,127640.0,4,0,0,0,0,1,beginner,0
cforrest,31,4662.0,31,0,0,0,0,1,intermediate,1
chaag_us729,7,66594.0,7,0,0,0,0,1,beginner,1
chaithra_15,11,84359.0,16,0,0,0,0,1,beginner,0
chandu_v20,3,127640.0,9,0,0,0,0,1,beginner,0
charcinogen,11,66594.0,12,0,0,0,0,1,beginner,1
charithareddy_,10,127640.0,14,0,0,0,0,1,beginner,0
chatok_jr,14,26112.0,19,0,0,0,0,1,beginner,1
chen_14514,2,127640.0,2,0,0,0,0,1,beginner,0
chen_83,54,7298.0,63,0,0,0,0,1,intermediate,1
chen_z,9,32587.0,9,0,0,0,0,1,beginner,1
chenhaoqi,16,48650.0,19,0,0,0,0,1,beginner,1
chenweizhen,14,29983.0,20,0,0,0,0,1,beginner,1
chetan_776,12,23106.0,13,0,0,0,0,1,beginner,1
chitra1234,95,2527.0,110,0,0,0,0,1,intermediate,1
chy2011oichen,16,12438.0,18,0,0,0,0,1,beginner,1
cly312,107,1688.0,110,0,0,0,0,1,advanced,1
coach_kai,4,84359.0,13,0,0,0,0,1,beginner,0
code_atheist,2,84359.0,6,0,0,0,0,1,beginner,0
code_struck,1093,120.0,1095,0,0,0,0,1,advanced,2
coderjory,1,84359.0,1,0,0,0,0,1,beginner,0
coderohero10,48,4349.0,56,0,0,0,0,1,intermediate,1
codingfrog,34,48650.0,41,0,0,0,0,1,beginner,1
coduckstudent,10,29983.0,14,0,0,0,0,1,beginner,1
comman346,3,127640.0,5,0,0,0,0,1,beginner,0
conghuaan,2,127640.0,2,0,0,0,0,1,beginner,0
controlcoder,1,127640.0,3,0,0,0,0,1,beginner,0
cpam_no_x,14,48650.0,16,0,0,0,0,1,beginner,1
cqbzcjh,43,8258.0,47,0,0,0,0,1,intermediate,1
cqbzlch,40,9119.0,42,0,0,0,0,1,intermediate,1
crazything,3,10405.0,11,0,0,0,0,1,beginner,1
creator_coder,7,48650.0,8,0,0,0,0,1,beginner,1
crossbarbar,15,43315.0,16,0,0,0,0,1,beginner,1
crz_qwq,35,13267.0,38,0,0,0,0,1,beginner,1
csaszargellert,1,84359.0,5,0,0,0,0,1,beginner,0
ctrl_shift,9,39000.0,11,0,0,0,0,1,beginner,1
ctrlalt,231,1578.0,246,0,0,0,0,2,advanced,1
cunguyem,33,15906.0,34,0,0,0,0,2,beginner,1
cuonghx_23,6,66594.0,8,0,0,0,0,1,beginner,1
cyb3rbolt,9,35454.0,10,0,0,0,0,1,beginner,1
cynqwq,4,127640.0,5,0,0,0,0,1,beginner,0
czmo,5,48650.0,5,0,0,0,0,1,beginner,1
dadidididi,59,4604.0,59,0,0,0,0,1,intermediate,1
daffazaidan,4,127640.0,6,0,0,0,0,1,beginner,0
danendraaa,1,127640.0,2,0,0,0,0,1,beginner,0
daniel081024,4,39000.0,4,0,0,0,0,1,beginner,1
daniel_xu,7,43315.0,7,0,0,0,0,1,beginner,1
danijm,12,55833.0,12,0,0,0,0,1,beginner,1
darkninjaez,3,84359.0,4,0,0,0,0,1,beginner,0
datxaban,26,55833.0,28,0,0,0,0,1,beginner,1
davidfashion,1005,41.0,1156,0,0,0,0,1,advanced,2
deepak_1724,7,27846.0,8,0,0,0,0,1,beginner,1
deepwizardlu,77,429.0,455,0,0,0,0,1,advanced,1
deerpeach,4,84359.0,6,0,0,0,0,1,beginner,0
delete_,12,16582.0,16,0,0,0,0,3,beginner,1
delusional84,7,66594.0,8,0,0,0,0,1,beginner,1
demons_,7,66594.0,7,0,0,0,0,1,beginner,1
denilb,33,6484.0,38,0,0,0,0,1,intermediate,1
derryl0925,0,127640.0,2,0,0,0,0,1,beginner,0
dert,13,43315.0,14,0,0,0,0,1,beginner,1
devanshnair_05,1,127640.0,1,0,0,0,0,1,beginner,0
dhanush_1122,15,127640.0,16,0,0,0,0,1,beginner,0
dharavivek,42,5350.0,62,0,0,0,0,1,intermediate,1
dimanoti,8,18827.0,11,0,0,0,0,3,beginner,1
dinesha0708,3,127640.0,5,0,0,0,0,1,beginner,0
dineshkumar25,33,27846.0,44,0,0,0,0,1,beginner,1
dingwenzheng,21,23106.0,22,0,0,0,0,1,beginner,1
dirty_code,14,43315.0,15,0,0,0,0,1,beginner,1
diyah999,0,127640.0,2,0,0,0,0,1,beginner,0
doanminh2003,1,84359.0,1,0,0,0,0,1,beginner,0
dongpro3lol,1,127640.0,2,0,0,0,0,1,beginner,0
drts123,2,84359.0,4,0,0,0,0,1,beginner,0
dsl_888,12,48650.0,12,0,0,0,0,2,beginner,1
dumdum_26127,6,84359.0,6,0,0,0,0,2,beginner,0
dungnq28,5,66594.0,5,0,0,0,0,1,beginner,1
duong_khai1104,3,84359.0,5,0,0,0,0,1,beginner,0
dvsteja_teja,5,127640.0,9,0,0,0,0,1,beginner,0
dx3906_ourstar,37,19794.0,40,0,0,0,0,1,beginner,1
dxworlds,6,84359.0,7,0,0,0,0,1,beginner,0
dylizhaoyuan,18,16582.0,18,0,0,0,0,1,beginner,1
eagleeyeraider,30,16582.0,32,0,0,0,0,1,beginner,1
eason_ac,59,5637.0,69,0,0,0,0,1,intermediate,1
edsel_2007,20,21866.0,20,0,0,0,0,1,beginner,1
emmoy,34,6885.0,37,0,0,0,0,3,intermediate,1
eniustj2gs,20,2109.0,339,0,0,0,0,2,intermediate,1
enosh12345,8,66594.0,8,0,0,0,0,1,beginner,1
eraserhd,37,9344.0,44,0,0,0,0,1,intermediate,1
ernet4awdb8zq0,12,6251.0,324,0,0,0,0,2,intermediate,1
eruditee,3,43315.0,4,0,0,0,0,1,beginner,1
eslam_taha74,5,43315.0,11,0,0,0,0,1,beginner,1
et723gejrntx,70,543.0,457,0,0,0,0,2,advanced,1
ethan_8,46,12854.0,46,0,0,0,0,1,beginner,1
euralsynapse67,54,775.0,435,0,0,0,0,2,advanced,1
extremejojo,0,127640.0,2,0,0,0,0,2,beginner,0
eyadh111,10,43315.0,14,0,0,0,0,1,beginner,1
farinsyed5,0,127640.0,1,0,0,0,0,1,beginner,0
fbw2010,8,39000.0,10,0,0,0,0,1,beginner,1
ferzen_289_a,11,12087.0,11,0,0,0,0,1,beginner,1
ffuentesq,78,17991.0,102,0,0,0,0,1,intermediate,1
fire_wolf,8,66594.0,10,0,0,0,0,1,beginner,1
fu_hua2008,5,48650.0,6,0,0,0,0,1,beginner,1
fuad_88,1,127640.0,2,0,0,0,0,1,beginner,0
g_sravani,2,127640.0,2,0,0,0,0,1,beginner,0
gabee,23,32586.0,25,0,0,0,0,1,beginner,1
gabriel986,1,127640.0,1,0,0,0,0,1,beginner,0
galeeb_1,18,32586.0,22,0,0,0,0,1,beginner,1
gamax01,4,127640.0,5,0,0,0,0,1,beginner,0
ganaa0124,54,12438.0,73,0,0,0,0,7,intermediate,1
garvgupta_2005,2,127640.0,2,0,0,0,0,1,beginner,0
garvit_goyal,12,43315.0,14,0,0,0,0,2,beginner,1
garvitjain_27,1,127640.0,1,0,0,0,0,1,beginner,0
garvitsoni2004,23,10701.0,27,0,0,0,0,1,beginner,1
gaurav_agarval,1053,39.0,1055,0,0,0,0,1,advanced,2
gauriphatate,298,1252.0,1108,0,0,0,0,2,advanced,2
geburah,26,15906.0,26,0,0,0,0,1,beginner,1
geetha_1116,0,127640.0,2,0,0,0,0,1,beginner,0
ggc114514,5,55833.0,6,0,0,0,0,2,beginner,1
ggh,15,3665.0,18,0,0,0,0,1,intermediate,1
giaminhha,6,55833.0,7,0,0,0,0,1,beginner,1
godsent,8,84359.0,9,0,0,0,0,1,beginner,0
goelshivam15,13,66594.0,15,0,0,0,0,1,beginner,1
gongx,8,35454.0,8,0,0,0,0,1,beginner,1
goodans,1,84359.0,16,0,0,0,0,1,beginner,0
gopy2745,3,127640.0,9,0,0,0,0,2,beginner,0
gr_23241a66a0,7,43315.0,11,0,0,0,0,3,beginner,1
greggy55,6,48650.0,9,0,0,0,0,1,beginner,1
grinnfi,0,127640.0,1,0,0,0,0,1,beginner,0
guanyu,0,127640.0,1732,0,0,0,0,1,beginner,2
guoyitao,16,17251.0,18,0,0,0,0,1,beginner,1
guvvaramasri12,12,84359.0,22,0,0,0,0,1,beginner,0
gwbailang,4,55833.0,5,0,0,0,0,1,beginner,1
gyf_qwq,5,55833.0,5,0,0,0,0,1,beginner,1
haling,0,127640.0,1,0,0,0,0,1,beginner,0
halogenbr,7,43315.0,9,0,0,0,0,1,beginner,1
hamed_,41,8464.0,42,0,0,0,0,3,intermediate,1
hard2kill,434,36.0,517,0,0,0,0,3,advanced,1
harikabezawada,12,66594.0,31,0,0,0,0,1,beginner,1
harini_reddy5,2,127640.0,4,0,0,0,0,1,beginner,0
harsha21,3,127640.0,5,0,0,0,0,1,beginner,0
harsha_2311,6,127640.0,8,0,0,0,0,1,beginner,0
harshini860,9,55833.0,10,0,0,0,0,1,beginner,1
harshith_2409,5,84359.0,7,0,0,0,0,1,beginner,0
harshitha_0316,11,66594.0,15,0,0,0,0,1,beginner,1
hbdcsd,11,24525.0,11,0,0,0,0,1,beginner,1
hemal_24,10,48650.0,17,0,0,0,0,2,beginner,1
hemanth_44,0,127640.0,2,0,0,0,0,1,beginner,0
hemuzhou666,4,66594.0,5,0,0,0,0,2,beginner,1
heqr69,12,29983.0,13,0,0,0,0,1,beginner,1
hidapeng1,57,438.0,157,0,0,0,0,1,advanced,1
hidapeng2,39,945.0,41,0,0,0,0,1,advanced,1
himanshu_4081,1,127640.0,2,0,0,0,0,2,beginner,0
hisham10,76,1632.0,99,0,0,0,0,1,advanced,1
hjxhjx,26,4727.0,27,0,0,0,0,2,intermediate,1
hjyowl,12,39000.0,14,0,0,0,0,1,beginner,1
hkw0202,5,84359.0,5,0,0,0,0,1,beginner,0
hmya,50,4803.0,51,0,0,0,0,1,intermediate,1
hocln,52,6056.0,60,0,0,0,0,1,intermediate,1
homieq,57,1239.0,76,0,0,0,0,1,advanced,1
hotieuyeu,16,27847.0,16,0,0,0,0,1,beginner,1
htthtt10t1,4,84359.0,8,0,0,0,0,1,beginner,0
huanghansheng,4,84359.0,1864,0,0,0,0,1,beginner,2
huangleyi,13,39000.0,13,0,0,0,0,1,beginner,1
huanxiel,1,127640.0,1,0,0,0,0,1,beginner,0
hukaihan,2,66594.0,2,0,0,0,0,1,beginner,1
humblefool25,17,2548.0,29,0,0,0,0,1,intermediate,1
huongnguvkl123,2,84359.0,4,0,0,0,0,2,beginner,0
hussain_m,11,55833.0,16,0,0,0,0,1,beginner,1
hutao_liuying,4,35454.0,5,0,0,0,0,1,beginner,1
huy2162236164,14,2982.0,24,0,0,0,0,4,intermediate,1
huy_pr,68,4727.0,72,0,0,0,0,1,intermediate,1
hxc314159,2,127640.0,2,0,0,0,0,1,beginner,0
hydro_bot1,144,1523.0,210,0,0,0,0,2,advanced,1
hyj0529,3,39000.0,3,0,0,0,0,1,beginner,1
hyk2019,1,55833.0,2,0,0,0,0,1,beginner,1
hzfsbit,45,4414.0,45,0,0,0,0,1,intermediate,1
hzlqwq,37,5733.0,39,0,0,0,0,1,intermediate,1
i_mamonkey,3,127640.0,7,0,0,0,0,1,beginner,0
ian950613,1,127640.0,1,0,0,0,0,1,beginner,0
iancunha,10,48650.0,10,0,0,0,0,1,beginner,1
ice_math_cat,3,66594.0,3,0,0,0,0,1,beginner,1
idklyn,13,35454.0,15,0,0,0,0,1,beginner,1
ingo_dtw,8,84360.0,8,0,0,0,0,1,beginner,0
intlzj,0,127641.0,2,0,0,0,0,1,beginner,0
ishandutta2007,352,211.0,427,0,0,0,0,1,advanced,1
ism_00,1108,78.0,1195,0,0,0,0,1,advanced,2
ismail_anjri,8,27847.0,23,0,0,0,0,1,beginner,1
itzxianfish,19,19794.0,19,0,0,0,0,1,beginner,1
izard6611unu,95,303.0,462,0,0,0,0,1,advanced,1
izardrgbweo2yj,92,304.0,474,0,0,0,0,1,advanced,1
j0nathannnn,7,66594.0,7,0,0,0,0,1,beginner,1
jadhavpragnya,21,84361.0,58,0,0,0,0,1,beginner,0
jahnavi_jenny,14,5837.0,15,0,0,0,0,1,intermediate,1
jai_hanumant,6,84361.0,6,0,0,0,0,2,beginner,0
jaipreeth_t,1,127642.0,1,0,0,0,0,1,beginner,0
jakkaaditya,2,127642.0,4,0,0,0,0,1,beginner,0
james122,0,127642.0,5,0,0,0,0,1,beginner,0
jami_2006,2,127642.0,3,0,0,0,0,1,beginner,0
jamuna8,10,127642.0,16,0,0,0,0,1,beginner,0
janlitwim,333,589.0,477,0,0,0,0,1,advanced,1
jcj57999,1,127642.0,1,0,0,0,0,1,beginner,0
jdo,9,84361.0,12,0,0,0,0,1,beginner,0
jeca1313,4,39000.0,8,0,0,0,0,2,beginner,1
jedariana,3,127642.0,4,0,0,0,0,1,beginner,0
jellysnax,40,66594.0,40,0,0,0,0,1,beginner,1
jf72,303,1829.0,383,0,0,0,0,2,advanced,1
jhuma_saha2707,103,15906.0,140,0,0,0,0,1,intermediate,1
jihadmia,5,66594.0,8,0,0,0,0,1,beginner,1
jmendoza2008,6,17251.0,7,0,0,0,0,1,beginner,1
josehartonok,12,66594.0,12,0,0,0,0,1,beginner,1
joseph_22,0,127642.0,5,0,0,0,0,1,beginner,0
joshua_9,12,66594.0,14,0,0,0,0,1,beginner,1
joshuaconnord,7,66594.0,8,0,0,0,0,1,beginner,1
jpfr12,42,19794.0,55,0,0,0,0,1,beginner,1
jrr2n8ptwoly,65,514.0,458,0,0,0,0,2,advanced,1
juanpiiiii,19,66594.0,19,0,0,0,0,1,beginner,1
juveriyaaa,6,127642.0,11,0,0,0,0,1,beginner,0
juwkim,0,127642.0,1,0,0,0,0,2,beginner,0
jyothi_7,1,127642.0,2,0,0,0,0,1,beginner,0
jyothirmai_03,8,18827.0,16,0,0,0,0,2,beginner,1
jyq16307130316,42,5637.0,43,0,0,0,0,1,intermediate,1
k_rajeshwari,52,17991.0,103,0,0,0,0,1,intermediate,1
k_srikanth969,11,127642.0,15,0,0,0,0,1,beginner,0
kahoul,22,29983.0,24,0,0,0,0,1,beginner,1
karakat567,8,55833.0,10,0,0,0,0,1,beginner,1
karn22,13,84362.0,16,0,0,0,0,1,beginner,0
karthika_21,4,127642.0,8,0,0,0,0,1,beginner,0
kartik1,1,127642.0,1,0,0,0,0,2,beginner,0
kasa,65,5947.0,75,0,0,0,0,1,intermediate,1
kasrarouhi,286,1916.0,338,0,0,0,0,3,advanced,1
katecodecat,1,127642.0,1,0,0,0,0,1,beginner,0
kaushlesh,22,39000.0,28,0,0,0,0,1,beginner,1
kavyagoud,5,127642.0,8,0,0,0,0,1,beginner,0
kdb17,10,29983.0,11,0,0,0,0,1,beginner,1
keen_stark,0,127642.0,1,0,0,0,0,3,beginner,0
keerthana17,10,39000.0,18,0,0,0,0,1,beginner,1
keerthana4c4,4,127642.0,8,0,0,0,0,1,beginner,0
kesavachandra,1,127642.0,1,0,0,0,0,1,beginner,0
khaled100k,7,66594.0,8,0,0,0,0,1,beginner,1
khoavo1010190,9,55833.0,10,0,0,0,0,1,beginner,1
kianakaslana,2,66594.0,2,0,0,0,0,1,beginner,1
killerdon007,1,127642.0,4,0,0,0,0,1,beginner,0
kimi_,13,32586.0,18,0,0,0,0,1,beginner,1
king2011,5,55833.0,6,0,0,0,0,2,beginner,1
kl2300030604,4,84362.0,7,0,0,0,0,1,beginner,0
kl_2300030341,4,127642.0,4,0,0,0,0,1,beginner,0
kl_2300080343,5,127642.0,5,0,0,0,0,1,beginner,0
klu2300030103,2,84362.0,3,0,0,0,0,1,beginner,0
klu2300030244,2,127642.0,7,0,0,0,0,2,beginner,0
klu2300030375,2,127642.0,3,0,0,0,0,1,beginner,0
klu2300030945,8,127642.0,10,0,0,0,0,1,beginner,0
klu2300030965,4,127642.0,8,0,0,0,0,2,beginner,0
klu2300031222,14,84362.0,17,0,0,0,0,1,beginner,0
klu2300031302,3,127642.0,3,0,0,0,0,2,beginner,0
klu2300031662,4,127642.0,6,0,0,0,0,1,beginner,0
klu2300031957,3,84362.0,3,0,0,0,0,1,beginner,0
klu2300032723,12,84362.0,20,0,0,0,0,1,beginner,0
klu2300032877,3,127642.0,6,0,0,0,0,1,beginner,0
klu2300033126,3,127642.0,4,0,0,0,0,1,beginner,0
klu2300033327,5,66594.0,5,0,0,0,0,1,beginner,1
klu2300080291,2,127642.0,3,0,0,0,0,1,beginner,0
klu_2300030667,7,127642.0,11,0,0,0,0,1,beginner,0
klu_2300032944,2,127642.0,5,0,0,0,0,1,beginner,0
klu_2300040332,1,127642.0,3,0,0,0,0,3,beginner,0
kohlaaa,338,785.0,472,0,0,0,0,1,advanced,1
kongmda,5,18827.0,6,0,0,0,0,1,beginner,1
koppera_anu,16,84362.0,18,0,0,0,0,1,beginner,0
kore_nihar,9,127642.0,14,0,0,0,0,2,beginner,0
koushal_31,1,127642.0,1,0,0,0,0,1,beginner,0
kpeti962,2,66594.0,7,0,0,0,0,3,beginner,1
krishdua312,1,127642.0,1,0,0,0,0,2,beginner,0
krishna_53,5,127642.0,8,0,0,0,0,1,beginner,0
ks_6653740,40,43315.0,53,0,0,0,0,2,beginner,1
kthuan,0,127643.0,1,0,0,0,0,1,beginner,0
kuba935,0,127643.0,1150,0,0,0,0,1,beginner,0
kubo,17,39000.0,23,0,0,0,0,1,beginner,1
kunalyad,8,35455.0,58,0,0,0,0,1,beginner,1
kunjallll,1,84363.0,1,0,0,0,0,1,beginner,0
kusumithasajja,11,32586.0,14,0,0,0,0,1,beginner,1
l_13579,63,358.0,209,0,0,0,0,4,advanced,1
lacloi2008,15,11368.0,16,0,0,0,0,2,beginner,1
lakshaydahiya,1,127643.0,1,0,0,0,0,1,beginner,0
lalaouye,6,32586.0,7,0,0,0,0,1,beginner,1
lalith_chandra,41,21866.0,58,0,0,0,0,2,beginner,1
lamthientai,24,32586.0,27,0,0,0,0,1,beginner,1
lananhsds,0,127643.0,1,0,0,0,0,1,beginner,0
lanmi7,46,12438.0,47,0,0,0,0,1,beginner,1
laoshan_plus,60,4126.0,61,0,0,0,0,1,intermediate,1
laurahujyg,0,127643.0,1,0,0,0,0,1,beginner,0
lc20110802,4,39000.0,4,0,0,0,0,1,beginner,1
ldt4110,6,66594.0,6,0,0,0,0,1,beginner,1
legend17vikram,9,84363.0,10,0,0,0,0,1,beginner,0
legiahuy1902,4,66594.0,4,0,0,0,0,1,beginner,1
lemon_qwq,9,27847.0,10,0,0,0,0,1,beginner,1
len2910,3,84363.0,5,0,0,0,0,1,beginner,0
lenginemb4v4,82,394.0,467,0,0,0,0,1,advanced,1
lenotfound,10,23106.0,12,0,0,0,0,1,beginner,1
leoanholetto1,83,8085.0,85,0,0,0,0,1,intermediate,1
lf22553,24,39000.0,49,0,0,0,0,2,beginner,1
lhz2022launch,16,29984.0,17,0,0,0,0,2,beginner,1
li2021,16,14729.0,18,0,0,0,0,1,beginner,1
liaojianan188,22,13725.0,25,0,0,0,0,1,beginner,1
liaozixuan,7,66594.0,9,0,0,0,0,1,beginner,1
lijunze12,6,35455.0,6,0,0,0,0,1,beginner,1
linakrbcs,43,6251.0,43,0,0,0,0,1,intermediate,1
linhaoyu2005,18,14729.0,19,0,0,0,0,1,beginner,1
liruixiong0101,49,11368.0,52,0,0,0,0,1,beginner,1
lisop9527,16,14729.0,16,0,0,0,0,1,beginner,1
littleeuler,8,17251.0,8,0,0,0,0,2,beginner,1
liujjjj_123,7,13725.0,14,0,0,0,0,1,beginner,1
liuqiuyu,33,10701.0,34,0,0,0,0,1,beginner,1
lizihanak,22,24525.0,23,0,0,0,0,1,beginner,1
ljw,7,21866.0,8,0,0,0,0,2,beginner,1
llljjjxxx,3,84363.0,4,0,0,0,0,1,beginner,0
lmx111,57,7029.0,59,0,0,0,0,1,intermediate,1
lnan,0,127643.0,1,0,0,0,0,1,beginner,0
logic_spren,2,127643.0,8,0,0,0,0,1,beginner,0
lol_12,23,66594.0,100,0,0,0,0,1,beginner,1
loli_lover,34,1442.0,49,0,0,0,0,2,advanced,1
longpham,12,48651.0,13,0,0,0,0,1,beginner,1
longstone,3,127643.0,4,0,0,0,0,1,beginner,0
louhao088,51,7179.0,52,0,0,0,0,1,intermediate,1
louis_66,3,66594.0,179,0,0,0,0,1,beginner,1
lovely_bastard,40,16582.0,41,0,0,0,0,1,beginner,1
lovepxy520,1,84363.0,1,0,0,0,0,1,beginner,0
lrnbqf,4,11369.0,10,0,0,0,0,1,beginner,1
lsonzogni,104,5637.0,110,0,0,0,0,2,intermediate,1
lucyna_,21,19794.0,23,0,0,0,0,1,beginner,1
luke_20100620,15,27847.0,17,0,0,0,0,1,beginner,1
luke_xiao,8,84363.0,8,0,0,0,0,2,beginner,0
lunana_425,870,16.0,1001,0,0,0,0,6,advanced,2
luogu_bot1,0,127645.0,784,0,0,0,0,1,beginner,0
luohuanqi,3,66594.0,4,0,0,0,0,1,beginner,1
lurkinshadow04,1,66594.0,1,0,0,0,0,1,beginner,1
lxy2000,218,1107.0,239,0,0,0,0,1,advanced,1
lyzc0dr,15,15906.0,23,0,0,0,0,1,beginner,1
lzq1001945037,7,7593.0,13,0,0,0,0,1,intermediate,1
m0use,1,127646.0,1,0,0,0,0,2,beginner,0
m1ao_,19,12438.0,22,0,0,0,0,1,beginner,1
madares_ares,6,11703.0,9,0,0,0,0,1,beginner,1
madhujya,9,66594.0,9,0,0,0,0,1,beginner,1
madu_varshitha,12,127646.0,23,0,0,0,0,2,beginner,0
magno20_,11,4962.0,25,0,0,0,0,1,intermediate,1
mahima_01,3,127646.0,5,0,0,0,0,1,beginner,0
mahmoud_atia,21,5350.0,26,0,0,0,0,1,intermediate,1
mahmudul2019,3,66594.0,5,0,0,0,0,1,beginner,1
malhar_17,4,43315.0,8,0,0,0,0,1,beginner,1
manasakurra11,2,127646.0,3,0,0,0,0,1,beginner,0
manasku,1,127646.0,3,0,0,0,0,1,beginner,0
manaswi_06,18,84365.0,21,0,0,0,0,1,beginner,0
manemsanawi,5,127646.0,7,0,0,0,0,1,beginner,0
manikanta942,16,48651.0,16,0,0,0,0,2,beginner,1
manisha19,13,84365.0,17,0,0,0,0,2,beginner,0
manshi5,0,127646.0,1,0,0,0,0,1,beginner,0
manthan0x23,3,84365.0,4,0,0,0,0,1,beginner,0
manvitha_552,37,35455.0,44,0,0,0,0,1,beginner,1
marcin_09,0,127646.0,1,0,0,0,0,1,beginner,0
marco_t312,7,32586.0,17,0,0,0,0,1,beginner,1
martnethpeyq,72,470.0,443,0,0,0,0,1,advanced,1
masud_abdullah,28,26113.0,30,0,0,0,0,1,beginner,1
matjaz,78,7029.0,80,0,0,0,0,1,intermediate,1
mauricio_7,16,48651.0,17,0,0,0,0,1,beginner,1
mayank98,316,710.0,495,0,0,0,0,1,advanced,1
mayonnaise,4,84365.0,4,0,0,0,0,1,beginner,0
mazen001122,0,127646.0,2,0,0,0,0,1,beginner,0
mca_qop,14,32586.0,16,0,0,0,0,1,beginner,1
mcj2009,3,127647.0,4,0,0,0,0,1,beginner,0
md_atik,120,279.0,126,0,0,0,0,1,advanced,1
md_rashed,3,84365.0,7,0,0,0,0,2,beginner,0
mdlmq2,2,84365.0,3,0,0,0,0,1,beginner,0
mdolchik,44,775.0,53,0,0,0,0,1,advanced,1
medem_praveena,14,84365.0,23,0,0,0,0,1,beginner,0
medha_reddi,28,35455.0,40,0,0,0,0,2,beginner,1
meenakshi_11,3,127647.0,6,0,0,0,0,1,beginner,0
meowcneil,33,1479.0,46,0,0,0,0,1,advanced,1
mhmd_khaled,3,127647.0,3,0,0,0,0,1,beginner,0
mhmusanna,38,10405.0,38,0,0,0,0,1,beginner,1
michaicute,368,367.0,388,0,0,0,0,3,advanced,1
michelle_c15,10,66594.0,10,0,0,0,0,1,beginner,1
minhddtqg,1,127647.0,1,0,0,0,0,2,beginner,0
minhduca2k53,4,66594.0,5,0,0,0,0,1,beginner,1
minhznz,3,127647.0,3,0,0,0,0,1,beginner,0
misconceptor,8,66594.0,9,0,0,0,0,3,beginner,1
mjanakiramudu,6,127647.0,17,0,0,0,0,1,beginner,0
mn__nur_,0,127647.0,1,0,0,0,0,1,beginner,0
mnexussha9vyo6,78,407.0,418,0,0,0,0,2,advanced,1
mnh_dcc,4,127647.0,55,0,0,0,0,2,beginner,0
mocaa,3,84365.0,5,0,0,0,0,1,beginner,0
mohamed_walied,2,84365.0,2,0,0,0,0,1,beginner,0
mohanakeerthid,5,127647.0,23,0,0,0,0,1,beginner,0
mohdaslan,8,127647.0,11,0,0,0,0,1,beginner,0
mohit_lakra_1,1,127647.0,1,0,0,0,0,1,beginner,0
mohitdmark,315,695.0,475,0,0,0,0,1,advanced,1
molotov0916,0,127647.0,1,0,0,0,0,2,beginner,0
momoforce,9,27847.0,10,0,0,0,0,1,beginner,1
monkeycoder007,19,11049.0,26,0,0,0,0,1,beginner,1
moonbeakk,0,127647.0,1,0,0,0,0,1,beginner,0
mostafa_12006,2,127647.0,2,0,0,0,0,1,beginner,0
mostafa_alaa99,10,66594.0,11,0,0,0,0,1,beginner,1
moudud,308,68.0,398,0,0,0,0,1,advanced,1
moufmahmalat,29,12087.0,33,0,0,0,0,2,beginner,1
moyyi7013,3,127647.0,3,0,0,0,0,1,beginner,0
mraisadlani,4,127647.0,9,0,0,0,0,1,beginner,0
mrdeboo,4,48651.0,8,0,0,0,0,1,beginner,1
ms088,10,48651.0,11,0,0,0,0,1,beginner,1
ms2052001,19,17991.0,20,0,0,0,0,1,beginner,1
mt19937,16,5350.0,29,0,0,0,0,1,intermediate,1
mtshasta,4,43315.0,4,0,0,0,0,1,beginner,1
mugdha_2006,1,127647.0,4,0,0,0,0,1,beginner,0
mukim,44,9555.0,46,0,0,0,0,1,intermediate,1
muktorfm,9,35455.0,9,0,0,0,0,1,beginner,1
musheera_20,5,127647.0,12,0,0,0,0,1,beginner,0
muskankumawat,101,11049.0,133,0,0,0,0,2,intermediate,1
mustafa_136,3,84365.0,4,0,0,0,0,1,beginner,0
muzi_sss,8,6056.0,22,0,0,0,0,1,intermediate,1
mv_mohit_kumar,24,48651.0,39,0,0,0,0,1,beginner,1
mwarith_0,39,19794.0,43,0,0,0,0,2,beginner,1
myx2005,3,66594.0,5,0,0,0,0,1,beginner,1
myy114514,4,127647.0,4,0,0,0,0,1,beginner,0
mzn,5,66594.0,5,0,0,0,0,1,beginner,1
n_rishitha,6,39000.0,8,0,0,0,0,2,beginner,1
nabilazw,73,6149.0,74,0,0,0,0,1,intermediate,1
nafeesaabdul,7,127647.0,22,0,0,0,0,1,beginner,0
naiminator,1,127647.0,1,0,0,0,0,1,beginner,0
nameless6,6,23106.0,13,0,0,0,0,3,beginner,1
namitha6670,5,127647.0,6,0,0,0,0,1,beginner,0
nandan_2910,3,127647.0,3,0,0,0,0,1,beginner,0
nandhini23_m,14,84366.0,17,0,0,0,0,1,beginner,0
narayanrai,2,127647.0,2,0,0,0,0,1,beginner,0
narekbb,228,710.0,232,0,0,0,0,1,advanced,1
near_crowd,2643,3.0,2903,0,0,0,0,2,advanced,2
nekorolly,61,9119.0,65,0,0,0,0,1,intermediate,1
nginew4xra,83,441.0,485,0,0,0,0,2,advanced,1
nguyen_tu_2004,13,55833.0,13,0,0,0,0,1,beginner,1
nguyenmui_03,10,39000.0,12,0,0,0,0,1,beginner,1
nguyenqt,15,39000.0,18,0,0,0,0,2,beginner,1
nibingdong,36,12855.0,36,0,0,0,0,1,beginner,1
nickname24,45,5733.0,48,0,0,0,0,2,intermediate,1
nightfork,9,32586.0,14,0,0,0,0,3,beginner,1
nik4o,29,17251.0,32,0,0,0,0,1,beginner,1
nikhil1226,13,48651.0,14,0,0,0,0,1,beginner,1
nikhilsingh99,2,127647.0,2,0,0,0,0,1,beginner,0
nilson_cesar2,2,127647.0,2,0,0,0,0,1,beginner,0
nimade,193,96.0,429,0,0,0,0,1,advanced,1
nimo006,2,127647.0,2,0,0,0,0,1,beginner,0
nish_25,4,84366.0,4,0,0,0,0,1,beginner,0
nithin_004,52,8258.0,86,0,0,0,0,1,intermediate,1
nithin_006,36,9119.0,51,0,0,0,0,2,intermediate,1
nitroboost,4,55833.0,5,0,0,0,0,1,beginner,1
njshaoran,6,55833.0,6,0,0,0,0,1,beginner,1
nmduc0308,21,24525.0,22,0,0,0,0,1,beginner,1
nmp100504,17,55833.0,17,0,0,0,0,1,beginner,1
nofate88,275,92.0,343,0,0,0,0,3,advanced,1
nomadofnowhere,16,39000.0,17,0,0,0,0,2,beginner,1
notyourtype,5,66594.0,5,0,0,0,0,2,beginner,1
ntdat_2008,5,84367.0,6,0,0,0,0,3,beginner,0
ntnhan_2005,11,39000.0,12,0,0,0,0,1,beginner,1
ntumenginef,79,416.0,474,0,0,0,0,1,advanced,1
numbdigger,408,568.0,424,0,0,0,0,1,advanced,1
nvalchanov09,8,26113.0,10,0,0,0,0,1,beginner,1
o06660o,2,66594.0,2,0,0,0,0,1,beginner,1
og_matveychick,13,4019.0,13,0,0,0,0,1,intermediate,1
omar_adelll,7,84368.0,7,0,0,0,0,1,beginner,0
omarehab0,0,127648.0,1,0,0,0,0,2,beginner,0
omarrifai5161,5,84368.0,5,0,0,0,0,1,beginner,0
omind9paepbue,83,422.0,469,0,0,0,0,1,advanced,1
p23r01a66l1,6,127648.0,9,0,0,0,0,1,beginner,0
parameshwar30,8,127648.0,12,0,0,0,0,1,beginner,0
paronmanukyan,5,84368.0,6,0,0,0,0,2,beginner,0
pavan2358,0,127648.0,1,0,0,0,0,1,beginner,0
pavani03,1,127648.0,3,0,0,0,0,1,beginner,0
pavani3015,2,127648.0,3,0,0,0,0,1,beginner,0
pavithraa_12,1,127648.0,2,0,0,0,0,1,beginner,0
pengyirui,9,39000.0,9,0,0,0,0,1,beginner,1
peravenkatasai,4,127649.0,6,0,0,0,0,1,beginner,0
petrark,61,27847.0,65,0,0,0,0,3,intermediate,1
pg_mazen,57,9344.0,61,0,0,0,0,1,intermediate,1
philoessam28,5,84369.0,5,0,0,0,0,1,beginner,0
piantouqu_qaq,25,9835.0,27,0,0,0,0,1,intermediate,1
piaoyang123,79,4475.0,84,0,0,0,0,1,intermediate,1
pithoriya,176,6622.0,196,0,0,0,0,1,intermediate,1
pj_viper,6,66595.0,9,0,0,0,0,2,beginner,1
platinumakr,51,886.0,57,0,0,0,0,2,advanced,1
pnetr75uzw,84,444.0,456,0,0,0,0,1,advanced,1
ponyhex,7,5195.0,39,0,0,0,0,2,intermediate,1
poojitha_5j0,12,66595.0,14,0,0,0,0,2,beginner,1
postmortem,1,127649.0,3,0,0,0,0,1,beginner,0
potrulahari02,14,127649.0,29,0,0,0,0,1,beginner,0
prabhatchauhan,2,84369.0,2,0,0,0,0,1,beginner,0
pranathi08,4,84369.0,6,0,0,0,0,1,beginner,0
pranathi55,6,127649.0,9,0,0,0,0,1,beginner,0
pranay_06,9,66595.0,13,0,0,0,0,1,beginner,1
pranyawadhwa,2,84369.0,2,0,0,0,0,1,beginner,0
prasanna2104,15,39000.0,20,0,0,0,0,1,beginner,1
prateekyadav,1,127650.0,1,0,0,0,0,1,beginner,0
premlohit00738,13,66595.0,42,0,0,0,0,1,beginner,1
prince_raj123,22,84369.0,26,0,0,0,0,1,beginner,0
professor_123,2,127650.0,3,0,0,0,0,1,beginner,0
punarvitha9,5,127650.0,8,0,0,0,0,1,beginner,0
pva_02_03_25,2,127650.0,2,0,0,0,0,1,beginner,0
pvssvinay,13,55834.0,16,0,0,0,0,1,beginner,1
pyaxol,0,127650.0,2,0,0,0,0,1,beginner,0
qbon98,1,127650.0,2,0,0,0,0,1,beginner,0
qlj_,4,8258.0,8,0,0,0,0,1,intermediate,1
quangminh11,16,27847.0,21,0,0,0,0,1,beginner,1
quangvinh2006,20,66595.0,25,0,0,0,0,1,beginner,1
quannguyen2009,11,55834.0,13,0,0,0,0,1,beginner,1
qysylihao,5,29984.0,5,0,0,0,0,1,beginner,1
r_23r01a66p8,10,29984.0,16,0,0,0,0,1,beginner,1
rabiulruhan,1,127650.0,3,0,0,0,0,1,beginner,0
rahulbhandari1,29,48652.0,30,0,0,0,0,2,beginner,1
rajesh_2028,4,127650.0,11,0,0,0,0,1,beginner,0
rajiun_nabi,15,35455.0,18,0,0,0,0,1,beginner,1
rakesh000,8,32587.0,18,0,0,0,0,1,beginner,1
rakeshreedie,5,127650.0,5,0,0,0,0,1,beginner,0
rakhi__07d,18,55835.0,20,0,0,0,0,1,beginner,1
ramrakshith,8,127650.0,10,0,0,0,0,1,beginner,0
rania__,60,873.0,63,0,0,0,0,1,advanced,1
ranimanda,7,127650.0,11,0,0,0,0,1,beginner,0
rashi_235,21,17251.0,24,0,0,0,0,1,beginner,1
rasmi_teja13,6,127650.0,7,0,0,0,0,1,beginner,0
razielo7,43,13726.0,63,0,0,0,0,1,beginner,1
reddy_1508,6,127650.0,7,0,0,0,0,1,beginner,0
reeshmanth27,74,12855.0,109,0,0,0,0,1,intermediate,1
renam,1,127650.0,2,0,0,0,0,1,beginner,0
renjunxin0721,2,66595.0,3,0,0,0,0,1,beginner,1
restricteur,30,12438.0,55,0,0,0,0,2,beginner,1
return_zer0_,6,84369.0,6,0,0,0,0,3,beginner,0
revanth2408,5,84369.0,7,0,0,0,0,1,beginner,0
richard_w,40,5260.0,42,0,0,0,0,1,intermediate,1
rijwan01,2,84369.0,3,0,0,0,0,1,beginner,0
rinn,4,84369.0,5,0,0,0,0,1,beginner,0
rishitha6274,10,66595.0,12,0,0,0,0,1,beginner,1
rithika_2103,2,127650.0,5,0,0,0,0,1,beginner,0
rithish86,2,127650.0,3,0,0,0,0,1,beginner,0
rithish__s,13,127650.0,13,0,0,0,0,1,beginner,0
ritikash06,1,127650.0,4,0,0,0,0,1,beginner,0
rohith_2822,3,127650.0,4,0,0,0,0,1,beginner,0
ron_pro_24,6,127650.0,10,0,0,0,0,2,beginner,0
rootcucu,15,7179.0,23,0,0,0,0,1,intermediate,1
rose_,2,32587.0,2,0,0,0,0,2,beginner,1
roshan_baka_,50,13268.0,53,0,0,0,0,3,intermediate,1
rounak1122,4,84369.0,6,0,0,0,0,1,beginner,0
rupakbis,44,903.0,62,0,0,0,0,1,advanced,1
rxiang,10,84369.0,11,0,0,0,0,1,beginner,0
s21c058b,0,127650.0,1,0,0,0,0,1,beginner,0
s_23r01a0587,24,84369.0,30,0,0,0,0,1,beginner,0
s_adithya_redd,1,127650.0,1,0,0,0,0,1,beginner,0
s_gowri01,19,84369.0,23,0,0,0,0,1,beginner,0
sabino1,8,18827.0,9,0,0,0,0,1,beginner,1
sabnak_21,63,2013.0,74,0,0,0,0,1,intermediate,1
sachin_8125,28,18827.0,35,0,0,0,0,1,beginner,1
sadek_,2,84369.0,3,0,0,0,0,1,beginner,0
saethusai,4,43316.0,9,0,0,0,0,1,beginner,1
safuwanshiblee,7,127651.0,10,0,0,0,0,1,beginner,0
sagarexpertt,12,17991.0,18,0,0,0,0,1,beginner,1
sahithi_05,3,127651.0,4,0,0,0,0,1,beginner,0
sai_kiran_95,0,127651.0,2,0,0,0,0,1,beginner,0
sai_kiran__,2,127651.0,2,0,0,0,0,1,beginner,0
saimani15,40,12438.0,87,0,0,0,0,2,beginner,1
saimounika_p,10,66595.0,10,0,0,0,0,1,beginner,1
saitamapunches,0,127651.0,1,0,0,0,0,1,beginner,0
sajabd,1,84369.0,1,0,0,0,0,1,beginner,0
salemi1,1,84369.0,2,0,0,0,0,1,beginner,0
sam_24r01a05a2,10,84369.0,16,0,0,0,0,1,beginner,0
sam_y,24,26113.0,26,0,0,0,0,3,beginner,1
sampa_hugo29,11,32587.0,16,0,0,0,0,2,beginner,1
samsritha_2703,17,84369.0,34,0,0,0,0,1,beginner,0
samyuktha_18,2,127651.0,2,0,0,0,0,1,beginner,0
sanagala_adi,25,43316.0,29,0,0,0,0,1,beginner,1
sanan0ahmd_khn,5,66595.0,5,0,0,0,0,1,beginner,1
sandhyarani_76,10,39000.0,28,0,0,0,0,1,beginner,1
sandrahany,1,84369.0,2,0,0,0,0,2,beginner,0
sanila,11,66595.0,12,0,0,0,0,2,beginner,1
sanjusri05,5,127651.0,12,0,0,0,0,1,beginner,0
saquibshamshi,4,127651.0,6,0,0,0,0,1,beginner,0
sarayu_7,16,84369.0,44,0,0,0,0,1,beginner,0
sariel001,147,181.0,238,0,0,0,0,2,advanced,1
sarthak22,1,127651.0,1,0,0,0,0,1,beginner,0
sasichowdary22,123,13726.0,160,0,0,0,0,2,intermediate,1
satyasrivemana,243,1879.0,300,0,0,0,0,2,advanced,1
saya1cad,0,127651.0,2,0,0,0,0,1,beginner,0
scaxhappy,171,276.0,236,0,0,0,0,1,advanced,1
seele_yyds,147,1239.0,151,0,0,0,0,1,advanced,1
seif_harb,3,84369.0,4,0,0,0,0,1,beginner,0
seif_lashin1,9,32587.0,10,0,0,0,0,1,beginner,1
sergej_t,2471,5.0,2474,0,0,0,0,2,advanced,2
serioton_spoj,8,48652.0,8,0,0,0,0,1,beginner,1
settop,10,48652.0,10,0,0,0,0,1,beginner,1
seur,6,66595.0,7,0,0,0,0,1,beginner,1
sevicjan,12,23106.0,13,0,0,0,0,1,beginner,1
sfsdaf,6,48652.0,6,0,0,0,0,1,beginner,1
sha_1369,0,127651.0,2,0,0,0,0,1,beginner,0
shahd_1,0,127651.0,1,0,0,0,0,2,beginner,0
shalem_007,2,127651.0,2,0,0,0,0,1,beginner,0
shalltear,5,13726.0,11,0,0,0,0,1,beginner,1
shanec5303,1,127651.0,2,0,0,0,0,1,beginner,0
shawliu,17,17991.0,19,0,0,0,0,1,beginner,1
shendengbo,3,39000.0,3,0,0,0,0,1,beginner,1
sherlock993,5,55835.0,5,0,0,0,0,1,beginner,1
sherlock_holms,841,52.0,914,0,0,0,0,1,advanced,2
shihanyu2013,2,84369.0,2,0,0,0,0,1,beginner,0
shikanoko,2,84369.0,2,0,0,0,0,1,beginner,0
shinron101993,0,127652.0,2,0,0,0,0,1,beginner,0
shiva_ram0071,4,127652.0,6,0,0,0,0,1,beginner,0
shivam933401,1,127652.0,1,0,0,0,0,2,beginner,0
shivam__17,0,127652.0,2,0,0,0,0,1,beginner,0
shivani30,2,127652.0,3,0,0,0,0,1,beginner,0
shivani_0533,15,48652.0,109,0,0,0,0,1,beginner,1
shivaspoorthi,5,127652.0,8,0,0,0,0,1,beginner,0
shivendu_123,5,84369.0,5,0,0,0,0,1,beginner,0
shraddha1906,13,84369.0,15,0,0,0,0,1,beginner,0
shresta_163,6,127652.0,13,0,0,0,0,2,beginner,0
shreyasparangi,13,43316.0,17,0,0,0,0,2,beginner,1
shruthika_s,17,32587.0,29,0,0,0,0,1,beginner,1
shubh_titan,4,55835.0,5,0,0,0,0,2,beginner,1
siana,4,84369.0,5,0,0,0,0,1,beginner,0
siddhesh_17,7,66595.0,8,0,0,0,0,1,beginner,1
silent_attack,22,14730.0,47,0,0,0,0,3,beginner,1
simes,1403,15.0,1637,0,0,0,0,1,advanced,2
singhudit0607,2,127652.0,2,0,0,0,0,1,beginner,0
siri_672,14,66595.0,30,0,0,0,0,1,beginner,1
sizen1,191,125.0,199,0,0,0,0,1,advanced,1
sk86,4,127652.0,6,0,0,0,0,3,beginner,0
skazi,664,147.0,682,0,0,0,0,1,advanced,2
skipsleep30,4,127652.0,4,0,0,0,0,1,beginner,0
skrishnasri123,3,55835.0,5,0,0,0,0,1,beginner,1
sleipbyte,6,127652.0,6,0,0,0,0,1,beginner,0
smartcore1qu,20,1855.0,329,0,0,0,0,2,advanced,1
smasanta,2,127652.0,4,0,0,0,0,1,beginner,0
smso,1205,35.0,1591,0,0,0,0,2,advanced,2
snehith_,9,84369.0,11,0,0,0,0,1,beginner,0
snp2001,0,127652.0,1,0,0,0,0,1,beginner,0
somadheeraj,9,84369.0,12,0,0,0,0,3,beginner,0
someshbiswal15,8,127652.0,10,0,0,0,0,1,beginner,0
someyoguy,1,127652.0,1,0,0,0,0,1,beginner,0
sonnguyen_299,3,127652.0,8,0,0,0,0,1,beginner,0
sontosh37271,27,1790.0,36,0,0,0,0,1,advanced,1
sowmya_spoj581,44,39000.0,128,0,0,0,0,2,beginner,1
spandana23,4,127652.0,7,0,0,0,0,1,beginner,0
spandana_ganji,4,127652.0,7,0,0,0,0,1,beginner,0
spawnpoint,39,1404.0,61,0,0,0,0,1,advanced,1
spoj_user07,10,43316.0,12,0,0,0,0,1,beginner,1
spoj_vp,100,1417.0,106,0,0,0,0,1,advanced,1
spojuuaja,8,66596.0,9,0,0,0,0,2,beginner,1
spojzero728,1,55836.0,4,0,0,0,0,1,beginner,1
sr_shan007,1,127652.0,3,0,0,0,0,1,beginner,0
sravan007,100,2593.0,107,0,0,0,0,2,intermediate,1
sravani_1406,4,127652.0,5,0,0,0,0,1,beginner,0
sree_2003,32,18827.0,39,0,0,0,0,1,beginner,1
sreejanya_39,1,127652.0,1,0,0,0,0,1,beginner,0
sreejareddy_c7,3,127652.0,5,0,0,0,0,1,beginner,0
sreekari099,21,84370.0,26,0,0,0,0,2,beginner,0
sridhar_1233,1,127652.0,2,0,0,0,0,1,beginner,0
srikrishna_07,4,127652.0,9,0,0,0,0,1,beginner,0
srilakshmi34,0,127652.0,4,0,0,0,0,3,beginner,0
sriramrishvith,6,66596.0,6,0,0,0,0,1,beginner,1
srubokrent,12,4126.0,10,0,0,0,0,1,intermediate,1
srujan5564,7,32587.0,8,0,0,0,0,2,beginner,1
srujan_30026,4,127652.0,4,0,0,0,0,1,beginner,0
ssmy,9,3928.0,25,0,0,0,0,1,intermediate,1
star_heart666,13,27847.0,13,0,0,0,0,1,beginner,1
stars_sea_sy1,25,23106.0,28,0,0,0,0,1,beginner,1
stef_bart,14,35455.0,18,0,0,0,0,1,beginner,1
subham_0_2,7,127652.0,16,0,0,0,0,1,beginner,0
sujayreddy2212,7,127652.0,8,0,0,0,0,1,beginner,0
sundar_2022,24,12087.0,26,0,0,0,0,1,beginner,1
sunitha2006,11,66596.0,21,0,0,0,0,1,beginner,1
superbeetle,33,11703.0,33,0,0,0,0,1,beginner,1
surendra_992,7,127652.0,10,0,0,0,0,2,beginner,0
suryakiran_10,3,127652.0,6,0,0,0,0,1,beginner,0
sushant_4599,2,127652.0,2,0,0,0,0,1,beginner,0
sushanth_2111,6,32587.0,6,0,0,0,0,1,beginner,1
sushantsangwan,9,127652.0,12,0,0,0,0,3,beginner,0
sushmitha_79,9,84371.0,12,0,0,0,0,1,beginner,0
susi_45,402,115.0,527,0,0,0,0,1,advanced,1
suzon,9,84371.0,9,0,0,0,0,1,beginner,0
swaroopa66p9,6,127652.0,7,0,0,0,0,1,beginner,0
sweetchild,15,21866.0,17,0,0,0,0,1,beginner,1
sycoinferno24,3,127652.0,4,0,0,0,0,1,beginner,0
syed_raza,8,55836.0,9,0,0,0,0,1,beginner,1
sz_jinzikai,79,5260.0,90,0,0,0,0,1,intermediate,1
t0meh,13,27847.0,17,0,0,0,0,1,beginner,1
t_advith18,36,10107.0,56,0,0,0,0,1,beginner,1
taabish_790,1,127652.0,1,0,0,0,0,1,beginner,0
tai_250109,4,66596.0,5,0,0,0,0,2,beginner,1
talker,2,127652.0,2,0,0,0,0,1,beginner,0
taly,11,66596.0,11,0,0,0,0,1,beginner,1
tanjiaqi,19,6622.0,23,0,0,0,0,1,intermediate,1
tazvir_setiz,3,84371.0,3,0,0,0,0,1,beginner,0
tealfish,4,9555.0,14,0,0,0,0,3,intermediate,1
tejasree23,5,127652.0,6,0,0,0,0,1,beginner,0
tempestissimo,0,127652.0,1,0,0,0,0,1,beginner,0
templateclass,44,5947.0,48,0,0,0,0,1,intermediate,1
tengmax,24,19794.0,27,0,0,0,0,1,beginner,1
th4n4t05,3,84371.0,4,0,0,0,0,1,beginner,0
thanhlong_225,0,127652.0,2,0,0,0,0,1,beginner,0
thanhpc,17,39000.0,17,0,0,0,0,1,beginner,1
the_tool_er,47,9555.0,54,0,0,0,0,1,intermediate,1
thenotoriousl,1,127652.0,1,0,0,0,0,1,beginner,0
theshumo,54,6484.0,60,0,0,0,0,1,intermediate,1
thirupathi24,71,10701.0,117,0,0,0,0,1,intermediate,1
thomas0218,4,66596.0,5,0,0,0,0,1,beginner,1
thrisha_2007,4,39000.0,7,0,0,0,0,1,beginner,1
tian123456,178,128.0,383,0,0,0,0,6,advanced,1
tianbang,323,45.0,451,0,0,0,0,3,advanced,1
tianyi1007,3,84371.0,4,0,0,0,0,1,beginner,0
tienthanh214,32,9555.0,34,0,0,0,0,1,intermediate,1
timeflew,11,66596.0,11,0,0,0,0,1,beginner,1
tirtamedal2025,4,84371.0,4,0,0,0,0,1,beginner,0
titpixel,3,84371.0,5,0,0,0,0,1,beginner,0
tlillysanjana,10,12856.0,16,0,0,0,0,1,beginner,1
tnexussahshga,17,2673.0,338,0,0,0,0,1,intermediate,1
tobi_45,7,48653.0,10,0,0,0,0,1,beginner,1
tosakaucw_000,44,1107.0,70,0,0,0,0,4,advanced,1
tothesky,0,127654.0,1,0,0,0,0,1,beginner,0
trailblazer_01,1,66596.0,1,0,0,0,0,3,beginner,1
ttluczek,3,84371.0,3,0,0,0,0,1,beginner,0
tuddi,1,127654.0,1,0,0,0,0,1,beginner,0
tungk32a,5,84371.0,8,0,0,0,0,1,beginner,0
tymzzh_01,2,127654.0,2,0,0,0,0,1,beginner,0
uci_016,67,15907.0,94,0,0,0,0,1,intermediate,1
uday_kiriti,12,66596.0,23,0,0,0,0,3,beginner,1
ujwala_09,3,48653.0,8,0,0,0,0,1,beginner,1
undertale123,19,20761.0,19,0,0,0,0,1,beginner,1
upmadosa,11,66596.0,13,0,0,0,0,1,beginner,1
user_3,87,5104.0,96,0,0,0,0,1,intermediate,1
utkarsh3125,1,127654.0,1,0,0,0,0,4,beginner,0
uyenht,2,84372.0,2,0,0,0,0,1,beginner,0
v1gnesh3_shar,1,127654.0,2,0,0,0,0,2,beginner,0
v_suveeksha,5,84372.0,9,0,0,0,0,4,beginner,0
vackojacko,1,127654.0,1,0,0,0,0,1,beginner,0
vaibhav_aditya,3,127654.0,4,0,0,0,0,2,beginner,0
vaish_navi_20,2,127654.0,2,0,0,0,0,2,beginner,0
vaishnavi_832,9,55836.0,16,0,0,0,0,1,beginner,1
valli_23550,20,48653.0,36,0,0,0,0,1,beginner,1
vamshi_27,3,127654.0,8,0,0,0,0,1,beginner,0
vanamsen,407,509.0,665,0,0,0,0,1,advanced,1
vanecvo1,32,29984.0,44,0,0,0,0,3,beginner,1
vanshika_2107,3,127654.0,3,0,0,0,0,2,beginner,0
varshausrk,2,127654.0,2,0,0,0,0,1,beginner,0
varshini_0708,11,12856.0,14,0,0,0,0,4,beginner,1
varun_310,1,127654.0,10,0,0,0,0,1,beginner,0
varun_34523432,5,84372.0,7,0,0,0,0,1,beginner,0
varunch3705,18,17991.0,24,0,0,0,0,1,beginner,1
vedagiricharan,6,127654.0,13,0,0,0,0,1,beginner,0
vennam_jyothi,4,127654.0,7,0,0,0,0,1,beginner,0
vennela_j,8,127654.0,10,0,0,0,0,1,beginner,0
venu_90,12,127654.0,19,0,0,0,0,1,beginner,0
vignesh06,10,84372.0,18,0,0,0,0,1,beginner,0
vignesh190904,7,48653.0,10,0,0,0,0,1,beginner,1
vikaschahar80,1,127654.0,6,0,0,0,0,1,beginner,0
vikash_vaibhaw,1,127654.0,2,0,0,0,0,1,beginner,0
vimoslavchev,1,127654.0,2,0,0,0,0,1,beginner,0
vinay547,1,127654.0,6,0,0,0,0,2,beginner,0
vinaypk,1,127654.0,2,0,0,0,0,1,beginner,0
vincent0001,1036,43.0,1231,0,0,0,0,5,advanced,2
vineela_2305,24,55836.0,92,0,0,0,0,2,beginner,1
vineet_0812,44,39000.0,76,0,0,0,0,1,beginner,1
vinnnk,9,84372.0,27,0,0,0,0,1,beginner,0
vinupreethi93,79,35455.0,90,0,0,0,0,1,intermediate,1
vishalakshi_20,1,127654.0,2,0,0,0,0,1,beginner,0
vishnu_232,8,84372.0,18,0,0,0,0,1,beginner,0
vishnupriya_05,6,127654.0,10,0,0,0,0,1,beginner,0
vishukalier007,5,55836.0,5,0,0,0,0,1,beginner,1
vk_23r01a05f2,10,24525.0,72,0,0,0,0,1,beginner,1
vladimir050,49,18827.0,53,0,0,0,0,1,beginner,1
vocula,150,1661.0,192,0,0,0,0,3,advanced,1
vt1_semicolon,16,29984.0,18,0,0,0,0,1,beginner,1
vuatrochoi51,5,84372.0,5,0,0,0,0,1,beginner,0
vudtha_harika,4,127654.0,10,0,0,0,0,1,beginner,0
vuminhduc2k4,130,529.0,176,0,0,0,0,6,advanced,1
vuvu43,1,84372.0,2,0,0,0,0,1,beginner,0
vyshnavi_89,3,127654.0,4,0,0,0,0,1,beginner,0
vyshnavi__05,29,66596.0,47,0,0,0,0,1,beginner,1
w132326820,5,43316.0,7,0,0,0,0,1,beginner,1
wahab,412,394.0,431,0,0,0,0,1,advanced,1
wanganze,67,5637.0,70,0,0,0,0,1,intermediate,1
wanghanyu,4,66596.0,5,0,0,0,0,1,beginner,1
wanghaoning123,28,14175.0,29,0,0,0,0,1,beginner,1
wangtairan114,4,66596.0,5,0,0,0,0,2,beginner,1
wangyc_0711,43,11370.0,50,0,0,0,0,1,beginner,1
wasif_099,27,39000.0,34,0,0,0,0,1,beginner,1
wdlgsj,1,127654.0,1,0,0,0,0,1,beginner,0
wenqizhi,40,7932.0,41,0,0,0,0,2,intermediate,1
wenrenjie,4,18827.0,15,0,0,0,0,1,beginner,1
wertry,85,356.0,186,0,0,0,0,1,advanced,1
wfhfaqfxy,30,12438.0,30,0,0,0,0,1,beginner,1
whee,1,127654.0,1,0,0,0,0,1,beginner,0
whg,2,127654.0,4,0,0,0,0,1,beginner,0
william1118,5,66596.0,5,0,0,0,0,1,beginner,1
win1702,1,127655.0,2,0,0,0,0,1,beginner,0
wizard_pranoy,17,43316.0,18,0,0,0,0,1,beginner,1
wjyppm666,37,6744.0,39,0,0,0,0,1,intermediate,1
wmy2011,6,84373.0,7,0,0,0,0,1,beginner,0
woshidashabi,131,2376.0,142,0,0,0,0,1,intermediate,1
wraithklu,4,127655.0,6,0,0,0,0,1,beginner,0
wrobel1,8,66596.0,10,0,0,0,0,1,beginner,1
wsc_666,7,39000.0,7,0,0,0,0,1,beginner,1
wsrjason,4,84373.0,5,0,0,0,0,1,beginner,0
wsy_jim,5,84373.0,5,0,0,0,0,1,beginner,0
wtf1,22,29984.0,23,0,0,0,0,1,beginner,1
wuenzi,9,55836.0,11,0,0,0,0,1,beginner,1
wuyifanfan,21,1430.0,139,0,0,0,0,1,advanced,1
ww3733a,1,127655.0,3,0,0,0,0,1,beginner,0
wy_l2026,2,84373.0,3,0,0,0,0,1,beginner,0
wyc_is_123,27,17991.0,28,0,0,0,0,1,beginner,1
wyf1202,3,66597.0,3,0,0,0,0,1,beginner,1
x1007,2,84374.0,2,0,0,0,0,2,beginner,0
xianghao,1295,9.0,1496,0,0,0,0,3,advanced,2
xiaofu15191,23,9555.0,25,0,0,0,0,1,intermediate,1
xiaopangfeiyu,4,14730.0,4,0,0,0,0,1,beginner,1
xierunyu,47,8890.0,53,0,0,0,0,1,intermediate,1
xiexie,16,39000.0,29,0,0,0,0,1,beginner,1
xingyue,15,24525.0,15,0,0,0,0,1,beginner,1
xjm_fsx01,13,15297.0,16,0,0,0,0,1,beginner,1
xlk,459,57.0,461,0,0,0,0,1,advanced,1
xplor,4,66597.0,4,0,0,0,0,1,beginner,1
xsplyter,10,35455.0,10,0,0,0,0,1,beginner,1
xtof_durr,42,4241.0,69,0,0,0,0,1,intermediate,1
xuanxuan520,13,43316.0,59,0,0,0,0,1,beginner,1
xuxizhe0104,4,48653.0,5,0,0,0,0,1,beginner,1
xvchongyv,5,23106.0,5,0,0,0,0,1,beginner,1
xvpi,1,127656.0,1,0,0,0,0,1,beginner,0
xxboyxx,89,4293.0,99,0,0,0,0,1,intermediate,1
xzy_ak_ioi,6,55836.0,7,0,0,0,0,1,beginner,1
yangdezuo,27,12856.0,29,0,0,0,0,1,beginner,1
yasaswini_2924,8,84374.0,13,0,0,0,0,1,beginner,0
yassinsamir,2,84374.0,2,0,0,0,0,1,beginner,0
yaswanth_23,38,15907.0,45,0,0,0,0,2,beginner,1
ydy0615,1,127657.0,2,0,0,0,0,1,beginner,0
yeshwanth9py,50,6744.0,51,0,0,0,0,3,intermediate,1
yinhe,22,1916.0,70,0,0,0,0,4,advanced,1
yjk,3,12856.0,16,0,0,0,0,1,beginner,1
yogi129,265,593.0,320,0,0,0,0,1,advanced,1
yogi__0505,33,6885.0,147,0,0,0,0,1,intermediate,1
yolandaadp,12,55836.0,31,0,0,0,0,1,beginner,1
younes_dwai,9,55836.0,11,0,0,0,0,1,beginner,1
yr409892525,22,12438.0,22,0,0,0,0,1,beginner,1
yusuf_khaled,8,24525.0,10,0,0,0,0,1,beginner,1
yuusha_25,45,7029.0,50,0,0,0,0,1,intermediate,1
ywk2003,0,127657.0,1,0,0,0,0,1,beginner,0
yyz20101208,31,6484.0,33,0,0,0,0,1,intermediate,1
z__112233,9,8890.0,15,0,0,0,0,1,intermediate,1
zarcx,3,84374.0,3,0,0,0,0,1,beginner,0
zcj_2009,1,127658.0,1,0,0,0,0,2,beginner,0
zdy46567,904,12.0,941,0,0,0,0,2,advanced,2
zengyongxu,3,84374.0,3,0,0,0,0,1,beginner,0
zengziqvan,3,39000.0,3,0,0,0,0,1,beginner,1
zeyuan666,17,8464.0,20,0,0,0,0,1,intermediate,1
zhanghm,24,16583.0,24,0,0,0,0,1,beginner,1
zhangshirui,6,35455.0,8,0,0,0,0,1,beginner,1
zhangyide,2,127658.0,1914,0,0,0,0,1,beginner,2
zhanshihui,20,24525.0,49,0,0,0,0,1,beginner,1
zhaoxiyin1,3,32587.0,12,0,0,0,0,1,beginner,1
zhaoyongxi0515,5,43316.0,5,0,0,0,0,1,beginner,1
zhaozeyu123,40,7030.0,46,0,0,0,0,1,intermediate,1
zhenan9052,18,13726.0,20,0,0,0,0,1,beginner,1
zhichenlin,44,10406.0,48,0,0,0,0,1,beginner,1
zhiye,3,127658.0,4,0,0,0,0,1,beginner,0
zhlzt,19,12856.0,21,0,0,0,0,1,beginner,1
zhoukker,9,3928.0,26,0,0,0,0,1,intermediate,1
zhutongxuan,13,18827.0,13,0,0,0,0,1,beginner,1
ziad_taher8545,17,35455.0,19,0,0,0,0,1,beginner,1
zjzhe,11,39000.0,11,0,0,0,0,1,beginner,1
zorahk,4,39000.0,9,0,0,0,0,1,beginner,1
zskioaert1107,37,13726.0,41,0,0,0,0,1,beginner,1
zslkvnse,6,6380.0,17,0,0,0,0,1,intermediate,1
zxcvbnm0123toi,11,66597.0,13,0,0,0,0,1,beginner,1
zyad_elnaghy,3,84374.0,4,0,0,0,0,1,beginner,0
zzy_vector,17,24525.0,17,0,0,0,0,1,beginner,1
